STK,EXP,NIFTY,SYMBOL,OI,CHNGOI,OICHNGPER,TTV,IV,LTP,CHNG,PCHNG,TBQ,TSQ,BQ,BP,AQ,AP,SPOT
17150,20-Jul-2023,NIFTY,OPTIDXNIFTY20-07-2023PE17150.00,8998,-15998,-64.00224035845736,109954,83.55,0.05,-0.45,-90.0,0,238550,0,0.0,169000,0.05,19979.15
17200,20-Jul-2023,NIFTY,OPTIDXNIFTY20-07-2023CE17200.00,6,0,0.0,6,0.0,2670.0,303.0,12.801013941698352,5000,5000,1750,2592.0,500,2822.25,19979.15
17200,20-Jul-2023,NIFTY,OPTIDXNIFTY20-07-2023PE17200.00,12439,-15001,-54.66836734693877,124963,82.05,0.05,-0.5,-90.9090909090909,0,139250,0,0.0,82200,0.05,19979.15
17250,20-Jul-2023,NIFTY,OPTIDXNIFTY20-07-2023CE17250.00,20,0,0.0,0,0.0,0.0,0.0,0.0,4500,4500,1750,2536.6,1000,2784.1,19979.15
17250,20-Jul-2023,NIFTY,OPTIDXNIFTY20-07-2023PE17250.00,2540,687,37.07501349163519,18025,80.56,0.05,-0.45,-90.0,0,55650,0,0.0,7500,0.05,19979.15
17300,20-Jul-2023,NIFTY,OPTIDXNIFTY20-07-2023CE17300.00,35,-2,-5.405405405405405,3,0.0,2644.0,268.4499999999998,11.30054092736418,4500,4500,1750,2465.0,1000,2772.3,19979.15
17300,20-Jul-2023,NIFTY,OPTIDXNIFTY20-07-2023PE17300.00,5208,-1613,-23.64755900894297,29722,83.03,0.1,-0.6,-85.71428571428572,0,56700,0,0.0,300,0.05,19979.15
17350,20-Jul-2023,NIFTY,OPTIDXNIFTY20-07-2023CE17350.00,39,8,25.806451612903224,26,0.0,2540.0,90.0,3.673469387755103,4500,4900,1750,2441.55,400,2678.8,19979.15
17350,20-Jul-2023,NIFTY,OPTIDXNIFTY20-07-2023PE17350.00,2920,1307,81.0291382517049,15024,77.58,0.05,-0.5,-90.9090909090909,0,63300,0,0.0,12950,0.05,19979.15
17400,20-Jul-2023,NIFTY,OPTIDXNIFTY20-07-2023CE17400.00,0,0,0.0,0,0.0,0.0,0.0,0.0,4500,4500,1750,2414.35,1000,2660.4,19979.15
17400,20-Jul-2023,NIFTY,OPTIDXNIFTY20-07-2023PE17400.00,4682,-611,-11.543548082372943,24935,76.09,0.05,-0.5499999999999999,-91.66666666666666,0,55300,0,0.0,13550,0.05,19979.15
17450,20-Jul-2023,NIFTY,OPTIDXNIFTY20-07-2023CE17450.00,4,0,0.0,0,0.0,0.0,0.0,0.0,4500,4500,1750,2350.8,1000,2602.05,19979.15
17450,20-Jul-2023,NIFTY,OPTIDXNIFTY20-07-2023PE17450.00,2909,818,39.12003825920612,10992,74.61,0.05,-0.6499999999999999,-92.85714285714285,0,53150,0,0.0,2750,0.05,19979.15
17500,20-Jul-2023,NIFTY,OPTIDXNIFTY20-07-2023CE17500.00,26,-15,-36.58536585365854,33,108.81,2477.0,129.6500000000001,5.523249621914077,4500,6100,1750,2298.85,800,2529.5,19979.15
17500,20-Jul-2023,NIFTY,OPTIDXNIFTY20-07-2023PE17500.00,30398,-34992,-53.5127695366264,185280,73.13,0.05,-0.7999999999999999,-94.11764705882352,0,55650,0,0.0,350,0.05,19979.15
17550,20-Jul-2023,NIFTY,OPTIDXNIFTY20-07-2023CE17550.00,11,0,0.0,0,0.0,0.0,0.0,0.0,5000,5000,1750,2273.45,500,2492.9,19979.15
17550,20-Jul-2023,NIFTY,OPTIDXNIFTY20-07-2023PE17550.00,2596,685,35.8451072736787,13943,71.65,0.05,-0.75,-93.75,0,64050,0,0.0,16100,0.05,19979.15
17600,20-Jul-2023,NIFTY,OPTIDXNIFTY20-07-2023CE17600.00,13,0,0.0,2,0.0,2220.0,90.0,4.225352112676056,5750,5750,500,2345.25,250,2398.7,19979.15
17600,20-Jul-2023,NIFTY,OPTIDXNIFTY20-07-2023PE17600.00,8159,-4644,-36.27274857455284,28475,70.18,0.05,-0.7999999999999999,-94.11764705882352,0,47850,0,0.0,2700,0.05,19979.15
17650,20-Jul-2023,NIFTY,OPTIDXNIFTY20-07-2023CE17650.00,30,0,0.0,0,0.0,0.0,0.0,0.0,5500,5500,500,2294.7,250,2348.25,19979.15
17650,20-Jul-2023,NIFTY,OPTIDXNIFTY20-07-2023PE17650.00,2890,1388,92.41011984021306,12676,72.21,0.1,-0.7000000000000001,-87.5,0,52100,0,0.0,350,0.1,19979.15
17700,20-Jul-2023,NIFTY,OPTIDXNIFTY20-07-2023CE17700.00,25,-5,-16.666666666666668,25,91.04,2275.0,465.0,25.69060773480663,4500,4500,1750,2119.1,1000,2340.05,19979.15
17700,20-Jul-2023,NIFTY,OPTIDXNIFTY20-07-2023PE17700.00,3375,-1949,-36.60781367392938,16817,67.23,0.05,-0.7,-93.33333333333331,0,49400,0,0.0,6300,0.1,19979.15
17750,20-Jul-2023,NIFTY,OPTIDXNIFTY20-07-2023CE17750.00,8,0,0.0,4,0.0,2195.0,440.0,25.071225071225072,10100,8100,1800,2114.15,1800,2276.0,19979.15
17750,20-Jul-2023,NIFTY,OPTIDXNIFTY20-07-2023PE17750.00,1852,312,20.25974025974026,14214,69.14,0.1,-0.8,-88.8888888888889,0,60300,0,0.0,9100,0.05,19979.15
17800,20-Jul-2023,NIFTY,OPTIDXNIFTY20-07-2023CE17800.00,67,-69,-50.73529411764706,115,132.85,2200.0,200.0,10.0,5300,5300,500,2150.15,500,2244.8,19979.15
17800,20-Jul-2023,NIFTY,OPTIDXNIFTY20-07-2023PE17800.00,3723,-1409,-27.4551831644583,17983,64.3,0.05,-0.75,-93.75,0,56400,0,0.0,6000,0.05,19979.15
17850,20-Jul-2023,NIFTY,OPTIDXNIFTY20-07-2023CE17850.00,17,-3,-15.0,4,110.17,2134.0,244.0,12.91005291005291,4500,4500,1750,2006.95,1000,2187.85,19979.15
17850,20-Jul-2023,NIFTY,OPTIDXNIFTY20-07-2023PE17850.00,1281,-57,-4.260089686098655,8939,62.83,0.05,-0.85,-94.44444444444444,0,67100,0,0.0,8300,0.05,19979.15
17900,20-Jul-2023,NIFTY,OPTIDXNIFTY20-07-2023CE17900.00,43,0,0.0,1,0.0,1915.0,-10.0,-0.5194805194805194,5000,5000,500,1937.2,500,2115.85,19979.15
17900,20-Jul-2023,NIFTY,OPTIDXNIFTY20-07-2023PE17900.00,5542,-1589,-22.28298976300659,24074,61.37,0.05,-0.75,-93.75,0,53000,0,0.0,1500,0.05,19979.15
17950,20-Jul-2023,NIFTY,OPTIDXNIFTY20-07-2023CE17950.00,112,0,0.0,0,0.0,0.0,0.0,0.0,4500,5000,1750,1890.35,500,2076.35,19979.15
17950,20-Jul-2023,NIFTY,OPTIDXNIFTY20-07-2023PE17950.00,1399,-157,-10.089974293059123,13648,59.91,0.05,-0.8999999999999999,-94.73684210526316,0,58800,0,0.0,400,0.05,19979.15
18000,20-Jul-2023,NIFTY,OPTIDXNIFTY20-07-2023CE18000.00,118,-239,-66.9467787114846,311,99.68,1982.0,152.9000000000001,8.359302389153141,4950,7100,250,1956.85,600,2000.5,19979.15
18000,20-Jul-2023,NIFTY,OPTIDXNIFTY20-07-2023PE18000.00,30159,-23472,-43.76573250545393,246662,58.46,0.05,-0.85,-94.44444444444444,0,308350,0,0.0,253750,0.05,19979.15
18050,20-Jul-2023,NIFTY,OPTIDXNIFTY20-07-2023CE18050.00,107,0,0.0,2,0.0,1780.0,20.40000000000009,1.1593543987269888,5000,5000,1750,1795.95,500,1986.5,19979.15
18050,20-Jul-2023,NIFTY,OPTIDXNIFTY20-07-2023PE18050.00,1088,-970,-47.13313896987366,10678,57.0,0.05,-0.8999999999999999,-94.73684210526316,0,57500,0,0.0,500,0.05,19979.15
18100,20-Jul-2023,NIFTY,OPTIDXNIFTY20-07-2023CE18100.00,72,-4,-5.2631578947368425,21,99.97,1885.0,208.3499999999999,12.426564876390415,4600,5900,50,1862.5,600,1900.5,19979.15
18100,20-Jul-2023,NIFTY,OPTIDXNIFTY20-07-2023PE18100.00,6621,-727,-9.893848666303755,36401,55.55,0.05,-0.95,-95.0,0,64050,0,0.0,10550,0.05,19979.15
18150,20-Jul-2023,NIFTY,OPTIDXNIFTY20-07-2023CE18150.00,61,0,0.0,4,0.0,1805.0,505.5999999999999,38.91026627674311,5000,5000,500,1702.8,500,1884.1,19979.15
18150,20-Jul-2023,NIFTY,OPTIDXNIFTY20-07-2023PE18150.00,1606,22,1.3888888888888888,16346,54.09,0.05,-0.95,-95.0,0,57450,0,0.0,1650,0.05,19979.15
18200,20-Jul-2023,NIFTY,OPTIDXNIFTY20-07-2023CE18200.00,63,-23,-26.74418604651163,33,0.0,1760.0,191.79999999999995,12.230582833822211,5100,5100,600,1759.1,600,1800.5,19979.15
18200,20-Jul-2023,NIFTY,OPTIDXNIFTY20-07-2023PE18200.00,16999,-4844,-22.176440965068902,49942,52.64,0.05,-0.7999999999999999,-94.11764705882352,0,77600,0,0.0,4600,0.05,19979.15
18250,20-Jul-2023,NIFTY,OPTIDXNIFTY20-07-2023CE18250.00,74,-2,-2.631578947368421,30,0.0,1715.0,215.0,14.333333333333334,5000,5600,1750,1606.55,600,1751.9,19979.15
18250,20-Jul-2023,NIFTY,OPTIDXNIFTY20-07-2023PE18250.00,1792,-520,-22.491349480968857,33183,53.91,0.1,-0.95,-90.47619047619048,0,67100,0,0.0,4450,0.05,19979.15
18300,20-Jul-2023,NIFTY,OPTIDXNIFTY20-07-2023CE18300.00,117,-86,-42.364532019704434,92,106.92,1700.6,187.79999999999995,12.414066631411949,4900,6400,250,1656.85,600,1700.5,19979.15
18300,20-Jul-2023,NIFTY,OPTIDXNIFTY20-07-2023PE18300.00,12697,-2274,-15.18936610780843,63168,49.75,0.05,-0.95,-95.0,0,75350,0,0.0,21650,0.05,19979.15
18350,20-Jul-2023,NIFTY,OPTIDXNIFTY20-07-2023CE18350.00,240,141,142.42424242424244,1456,88.18,1609.1,209.0999999999999,14.93571428571428,8700,6300,2800,1608.8,600,1650.85,19979.15
18350,20-Jul-2023,NIFTY,OPTIDXNIFTY20-07-2023PE18350.00,2331,-884,-27.49611197511664,19234,48.3,0.05,-1.0,-95.23809523809524,0,65750,0,0.0,2650,0.05,19979.15
18400,20-Jul-2023,NIFTY,OPTIDXNIFTY20-07-2023CE18400.00,149,-45,-23.195876288659797,1057,77.91,1573.0,141.4000000000001,9.87706063146131,6400,6300,50,1570.0,600,1600.5,19979.15
18400,20-Jul-2023,NIFTY,OPTIDXNIFTY20-07-2023PE18400.00,9752,-5000,-33.893709327548805,99570,46.86,0.05,-1.05,-95.45454545454544,0,92350,0,0.0,12550,0.05,19979.15
18450,20-Jul-2023,NIFTY,OPTIDXNIFTY20-07-2023CE18450.00,72,-31,-30.097087378640776,693,0.0,1515.35,143.8499999999999,10.488516223113372,5100,5700,600,1508.35,1000,1578.5,19979.15
18450,20-Jul-2023,NIFTY,OPTIDXNIFTY20-07-2023PE18450.00,2383,-2166,-47.61486040888107,21330,45.41,0.05,-1.05,-95.45454545454544,0,77900,0,0.0,16750,0.05,19979.15
18500,20-Jul-2023,NIFTY,OPTIDXNIFTY20-07-2023CE18500.00,1119,-1760,-61.1323376172282,3197,80.14,1482.65,154.10000000000014,11.599111813631414,6100,7300,50,1478.55,1000,1483.65,19979.15
18500,20-Jul-2023,NIFTY,OPTIDXNIFTY20-07-2023PE18500.00,42731,-38298,-47.26455960211776,402872,43.97,0.05,-1.25,-96.15384615384616,1300,70400,1300,0.05,1550,0.1,19979.15
18550,20-Jul-2023,NIFTY,OPTIDXNIFTY20-07-2023CE18550.00,85,-4,-4.49438202247191,593,0.0,1415.2,125.45000000000005,9.726691219228536,5500,6300,600,1408.35,600,1450.85,19979.15
18550,20-Jul-2023,NIFTY,OPTIDXNIFTY20-07-2023PE18550.00,2634,-2094,-44.28934010152284,39129,42.53,0.05,-1.15,-95.83333333333331,0,82200,0,0.0,13650,0.05,19979.15
18600,20-Jul-2023,NIFTY,OPTIDXNIFTY20-07-2023CE18600.00,178,-233,-56.69099756690998,607,76.22,1385.0,195.0,16.386554621848738,10650,6300,100,1380.0,600,1395.15,19979.15
18600,20-Jul-2023,NIFTY,OPTIDXNIFTY20-07-2023PE18600.00,12342,-20579,-62.51025181495094,263650,41.09,0.05,-1.25,-96.15384615384616,0,128500,0,0.0,61600,0.05,19979.15
18650,20-Jul-2023,NIFTY,OPTIDXNIFTY20-07-2023CE18650.00,68,-13,-16.049382716049383,31,0.0,1316.35,191.44999999999985,17.019290603609193,6750,7450,250,1308.75,250,1344.95,19979.15
18650,20-Jul-2023,NIFTY,OPTIDXNIFTY20-07-2023PE18650.00,3608,-2036,-36.07370659107016,56442,39.65,0.05,-1.25,-96.15384615384616,0,106050,0,0.0,35200,0.05,19979.15
18700,20-Jul-2023,NIFTY,OPTIDXNIFTY20-07-2023CE18700.00,481,-92,-16.05584642233857,774,77.5,1290.85,154.39999999999986,13.58616745127369,4550,6300,1750,1168.65,600,1295.4,19979.15
18700,20-Jul-2023,NIFTY,OPTIDXNIFTY20-07-2023PE18700.00,23197,-27704,-54.42722146912634,337411,38.21,0.05,-1.35,-96.42857142857144,0,219700,0,0.0,144000,0.05,19979.15
18750,20-Jul-2023,NIFTY,OPTIDXNIFTY20-07-2023CE18750.00,102,-18,-15.0,465,0.0,1222.0,152.0,14.205607476635516,7800,7400,450,1222.0,500,1240.0,19979.15
18750,20-Jul-2023,NIFTY,OPTIDXNIFTY20-07-2023PE18750.00,3643,-3457,-48.69014084507042,82594,36.77,0.05,-1.4,-96.55172413793105,0,73000,0,0.0,4650,0.05,19979.15
18800,20-Jul-2023,NIFTY,OPTIDXNIFTY20-07-2023CE18800.00,862,-551,-38.99504600141543,1454,66.02,1181.0,153.6500000000001,14.955954640580144,3300,6850,800,1180.0,500,1184.9,19979.15
18800,20-Jul-2023,NIFTY,OPTIDXNIFTY20-07-2023PE18800.00,68362,10304,17.747769471907404,587467,35.33,0.05,-1.45,-96.66666666666669,0,237200,0,0.0,168600,0.05,19979.15
18850,20-Jul-2023,NIFTY,OPTIDXNIFTY20-07-2023CE18850.00,202,-79,-28.11387900355872,337,60.68,1132.0,145.89999999999998,14.795659669404722,11000,10950,1050,1120.45,50,1134.15,19979.15
18850,20-Jul-2023,NIFTY,OPTIDXNIFTY20-07-2023PE18850.00,16404,-3209,-16.361596900015297,161278,35.79,0.05,-1.6,-96.96969696969695,27450,89250,27450,0.05,500,0.1,19979.15
18900,20-Jul-2023,NIFTY,OPTIDXNIFTY20-07-2023CE18900.00,1515,10,0.6644518272425249,719,55.62,1082.0,152.89999999999998,16.45678613712194,9300,11300,50,1073.4,50,1084.85,19979.15
18900,20-Jul-2023,NIFTY,OPTIDXNIFTY20-07-2023PE18900.00,49354,-4990,-9.182246430148682,473893,35.48,0.15,-1.55,-91.1764705882353,1079750,89100,60350,0.15,6300,0.2,19979.15
18950,20-Jul-2023,NIFTY,OPTIDXNIFTY20-07-2023CE18950.00,215,-133,-38.2183908045977,370,56.46,1032.35,135.94999999999993,15.166220437304768,10700,10900,500,1028.1,1000,1033.0,19979.15
18950,20-Jul-2023,NIFTY,OPTIDXNIFTY20-07-2023PE18950.00,15342,1058,7.406888826659199,179770,32.77,0.1,-1.7,-94.44444444444444,100700,99200,6600,0.1,300,0.15,19979.15
19000,20-Jul-2023,NIFTY,OPTIDXNIFTY20-07-2023CE19000.00,2055,-1138,-35.64046351393674,3445,53.7,981.0,151.60000000000002,18.278273450687248,20100,18800,200,980.1,500,981.5,19979.15
19000,20-Jul-2023,NIFTY,OPTIDXNIFTY20-07-2023PE19000.00,111483,-35070,-23.9299093160836,1249095,29.58,0.05,-1.8,-97.29729729729728,0,181350,0,0.0,13300,0.05,19979.15
19050,20-Jul-2023,NIFTY,OPTIDXNIFTY20-07-2023CE19050.00,172,-148,-46.25,305,52.26,932.75,148.5,18.93528849218999,14150,12750,1000,925.05,50,933.0,19979.15
19050,20-Jul-2023,NIFTY,OPTIDXNIFTY20-07-2023PE19050.00,16207,-164,-1.0017714250809358,211912,29.75,0.05,-1.9,-97.43589743589745,21600,100150,21600,0.05,800,0.15,19979.15
19100,20-Jul-2023,NIFTY,OPTIDXNIFTY20-07-2023CE19100.00,673,-512,-43.20675105485232,1246,49.01,880.0,149.35000000000002,20.440703483199893,13800,11850,50,880.0,150,880.05,19979.15
19100,20-Jul-2023,NIFTY,OPTIDXNIFTY20-07-2023PE19100.00,54629,-3624,-6.221138825468216,644213,29.25,0.2,-1.75,-89.74358974358975,111100,85950,2350,0.1,1700,0.2,19979.15
19150,20-Jul-2023,NIFTY,OPTIDXNIFTY20-07-2023CE19150.00,353,-703,-66.5719696969697,1769,46.15,831.75,143.85000000000002,20.911469690361976,15550,11800,50,813.9,200,833.65,19979.15
19150,20-Jul-2023,NIFTY,OPTIDXNIFTY20-07-2023PE19150.00,18501,990,5.65358917252013,266722,27.69,0.1,-2.05,-95.34883720930232,126350,96650,27250,0.1,3600,0.2,19979.15
19200,20-Jul-2023,NIFTY,OPTIDXNIFTY20-07-2023CE19200.00,2287,-2893,-55.84942084942085,4892,44.22,781.65,153.19999999999993,24.37743655024265,81250,12650,600,764.1,500,782.0,19979.15
19200,20-Jul-2023,NIFTY,OPTIDXNIFTY20-07-2023PE19200.00,55135,-52021,-48.54697823733622,855927,23.8,0.05,-2.2,-97.7777777777778,0,457750,0,0.0,341000,0.05,19979.15
19250,20-Jul-2023,NIFTY,OPTIDXNIFTY20-07-2023CE19250.00,656,-612,-48.26498422712934,1587,42.29,729.0,144.79999999999995,24.786032180760003,57450,9900,100,729.3,600,745.75,19979.15
19250,20-Jul-2023,NIFTY,OPTIDXNIFTY20-07-2023PE19250.00,19861,-13472,-40.41640416404164,390960,23.68,0.1,-2.3,-95.83333333333331,58050,114950,2450,0.1,3950,0.15,19979.15
19300,20-Jul-2023,NIFTY,OPTIDXNIFTY20-07-2023CE19300.00,2947,-6477,-68.72877758913413,14423,37.96,679.75,148.60000000000002,27.97703097053564,47650,11400,100,679.0,150,680.0,19979.15
19300,20-Jul-2023,NIFTY,OPTIDXNIFTY20-07-2023PE19300.00,79609,-56909,-41.68607802634085,1352544,22.15,0.05,-2.5500000000000003,-98.07692307692308,28300,134350,28300,0.05,8000,0.15,19979.15
19350,20-Jul-2023,NIFTY,OPTIDXNIFTY20-07-2023CE19350.00,3630,-155,-4.095112285336856,1470,37.08,631.0,153.60000000000002,32.174277335567666,41200,11700,50,613.65,1800,633.7,19979.15
19350,20-Jul-2023,NIFTY,OPTIDXNIFTY20-07-2023PE19350.00,23114,-28440,-55.16545757846142,580638,19.45,0.1,-2.7,-96.42857142857144,85600,86150,2750,0.1,400,0.15,19979.15
19400,20-Jul-2023,NIFTY,OPTIDXNIFTY20-07-2023CE19400.00,20859,-1726,-7.642240425060881,15094,34.05,579.0,146.55,33.888310787374266,47300,62600,50,564.4,300,582.0,19979.15
19400,20-Jul-2023,NIFTY,OPTIDXNIFTY20-07-2023PE19400.00,95693,-48453,-33.61383597186186,1712045,17.99,0.05,-3.0500000000000003,-98.38709677419357,0,171350,0,0.0,5500,0.05,19979.15
19450,20-Jul-2023,NIFTY,OPTIDXNIFTY20-07-2023CE19450.00,5273,-974,-15.591483912277893,6297,31.31,530.85,145.60000000000002,37.793640493186246,37950,9700,50,530.3,850,533.65,19979.15
19450,20-Jul-2023,NIFTY,OPTIDXNIFTY20-07-2023PE19450.00,47310,-25838,-35.32290698310275,1166451,16.52,0.05,-3.45,-98.57142857142858,0,218700,0,0.0,75250,0.05,19979.15
19500,20-Jul-2023,NIFTY,OPTIDXNIFTY20-07-2023CE19500.00,31308,-8492,-21.33668341708543,75289,27.55,480.0,145.85000000000002,43.648062247493655,83300,9850,1900,479.0,100,480.0,19979.15
19500,20-Jul-2023,NIFTY,OPTIDXNIFTY20-07-2023PE19500.00,102925,-81550,-44.20653205041334,2714137,15.05,0.05,-4.05,-98.78048780487804,0,417950,0,0.0,116500,0.05,19979.15
19550,20-Jul-2023,NIFTY,OPTIDXNIFTY20-07-2023CE19550.00,17707,-7509,-29.77871192893401,32624,26.61,430.0,145.89999999999998,51.35515663498767,43550,9300,1000,430.0,550,430.95,19979.15
19550,20-Jul-2023,NIFTY,OPTIDXNIFTY20-07-2023PE19550.00,39964,-64304,-61.67184562857253,1950084,13.58,0.1,-4.7,-97.91666666666669,35800,148800,35800,0.05,2400,0.1,19979.15
19600,20-Jul-2023,NIFTY,OPTIDXNIFTY20-07-2023CE19600.00,17630,-10286,-36.84625304484883,236336,23.72,380.05,145.45000000000002,61.999147485081,492050,8350,200,375.0,300,380.05,19979.15
19600,20-Jul-2023,NIFTY,OPTIDXNIFTY20-07-2023PE19600.00,102319,-68062,-39.94694244076511,3658481,12.09,0.05,-6.05,-99.18032786885246,0,964200,0,0.0,451450,0.05,19979.15
19650,20-Jul-2023,NIFTY,OPTIDXNIFTY20-07-2023CE19650.00,8323,-7384,-47.01088686572866,250258,19.96,330.4,143.2,76.49572649572649,528750,7700,500,329.0,1150,330.85,19979.15
19650,20-Jul-2023,NIFTY,OPTIDXNIFTY20-07-2023PE19650.00,43542,-75252,-63.34663366836709,4311972,11.3,0.05,-8.45,-99.41176470588236,5250,326050,5250,0.05,37600,0.1,19979.15
19700,20-Jul-2023,NIFTY,OPTIDXNIFTY20-07-2023CE19700.00,21071,-26230,-55.45337307879326,1373497,17.99,281.0,139.4,98.44632768361583,857400,10900,150,279.05,50,280.0,19979.15
19700,20-Jul-2023,NIFTY,OPTIDXNIFTY20-07-2023PE19700.00,137564,-58100,-29.6937607326846,7702740,9.08,0.1,-13.0,-99.23664122137404,518550,555250,27000,0.1,12450,0.15,19979.15
19750,20-Jul-2023,NIFTY,OPTIDXNIFTY20-07-2023CE19750.00,38330,-1876,-4.665970253196041,2502425,15.96,229.4,129.55,129.7446169253881,1194050,8050,150,229.45,250,230.8,19979.15
19750,20-Jul-2023,NIFTY,OPTIDXNIFTY20-07-2023PE19750.00,97257,-38295,-28.251150849858355,8440164,8.09,0.05,-21.15,-99.76415094339622,447750,619100,447750,0.05,132750,0.1,19979.15
19800,20-Jul-2023,NIFTY,OPTIDXNIFTY20-07-2023CE19800.00,75936,-93452,-55.17037806692328,9004004,13.21,179.5,114.35,175.51803530314655,1272300,18500,1950,179.5,650,180.0,19979.15
19800,20-Jul-2023,NIFTY,OPTIDXNIFTY20-07-2023PE19800.00,134489,-80155,-37.34322878813291,14739771,6.44,0.1,-35.85,-99.72183588317108,380950,960450,89650,0.1,4000,0.15,19979.15
19850,20-Jul-2023,NIFTY,OPTIDXNIFTY20-07-2023CE19850.00,37065,-122554,-76.77908018468979,9865131,10.29,129.2,90.04999999999998,230.0127713920817,1390450,30850,300,129.2,50,130.2,19979.15
19850,20-Jul-2023,NIFTY,OPTIDXNIFTY20-07-2023PE19850.00,108645,57028,110.48298041342969,10297021,4.76,0.05,-58.650000000000006,-99.91482112436115,305200,586350,150,0.1,11650,0.15,19979.15
19900,20-Jul-2023,NIFTY,OPTIDXNIFTY20-07-2023CE19900.00,81787,-126451,-60.72426742477358,15301794,7.09,79.2,57.8,270.0934579439253,1567100,102900,1000,79.25,550,79.9,19979.15
19900,20-Jul-2023,NIFTY,OPTIDXNIFTY20-07-2023PE19900.00,164485,135117,460.08240261509127,12279454,2.78,0.05,-91.0,-99.945085118067,0,1514700,0,0.0,215450,0.05,19979.15
19950,20-Jul-2023,NIFTY,OPTIDXNIFTY20-07-2023CE19950.00,117276,-42788,-26.731807277089164,16934972,3.56,29.7,19.35,186.9565217391305,2313950,243050,5000,29.25,500,29.65,19979.15
19950,20-Jul-2023,NIFTY,OPTIDXNIFTY20-07-2023PE19950.00,147991,143939,3552.295162882527,7889929,1.04,0.05,-130.1,-99.9615827890895,0,1663850,0,0.0,376850,0.05,19979.15
20000,20-Jul-2023,NIFTY,OPTIDXNIFTY20-07-2023CE20000.00,323720,64520,24.89197530864197,20967970,1.11,0.05,-5.0,-99.009900990099,0,3597050,0,0.0,1141750,0.05,19979.15
20000,20-Jul-2023,NIFTY,OPTIDXNIFTY20-07-2023PE20000.00,82878,75184,977.1770210553678,4209413,0.0,20.5,-155.2,-88.33238474672737,3155750,136550,150,20.5,50,20.8,19979.15
20050,20-Jul-2023,NIFTY,OPTIDXNIFTY20-07-2023CE20050.00,66234,-5526,-7.70066889632107,5502709,2.84,0.05,-2.7,-98.1818181818182,0,717100,0,0.0,277700,0.05,19979.15
20050,20-Jul-2023,NIFTY,OPTIDXNIFTY20-07-2023PE20050.00,5546,5026,966.5384615384615,413140,0.0,71.0,-150.45,-67.93858658839467,645100,30900,150,70.45,500,70.8,19979.15
20100,20-Jul-2023,NIFTY,OPTIDXNIFTY20-07-2023CE20100.00,129669,-24964,-16.144031351651975,3178659,4.45,0.05,-1.75,-97.2222222222222,0,195100,0,0.0,8100,0.05,19979.15
20100,20-Jul-2023,NIFTY,OPTIDXNIFTY20-07-2023PE20100.00,3615,2680,286.63101604278074,188496,0.0,119.9,-151.4,-55.80538149649834,58750,22200,100,119.75,200,120.6,19979.15
20150,20-Jul-2023,NIFTY,OPTIDXNIFTY20-07-2023CE20150.00,49464,10722,27.675391048474523,1261995,6.45,0.1,-1.2,-92.3076923076923,224050,131000,224050,0.05,46800,0.1,19979.15
20150,20-Jul-2023,NIFTY,OPTIDXNIFTY20-07-2023PE20150.00,1805,1635,961.7647058823528,32449,0.0,169.55,-156.39999999999998,-47.98281945083601,39500,24150,350,169.6,50,170.5,19979.15
20200,20-Jul-2023,NIFTY,OPTIDXNIFTY20-07-2023CE20200.00,107614,-5251,-4.652460904620565,1762906,7.53,0.05,-1.05,-95.45454545454544,0,1526200,0,0.0,1180500,0.05,19979.15
20200,20-Jul-2023,NIFTY,OPTIDXNIFTY20-07-2023PE20200.00,1136,839,282.4915824915825,18245,0.0,219.35,-149.29999999999998,-40.49911840499118,41550,20500,100,219.45,150,220.95,19979.15
20250,20-Jul-2023,NIFTY,OPTIDXNIFTY20-07-2023CE20250.00,36249,1385,3.9725791647544746,672924,9.02,0.05,-1.0,-95.23809523809524,0,170000,0,0.0,17400,0.05,19979.15
20250,20-Jul-2023,NIFTY,OPTIDXNIFTY20-07-2023PE20250.00,193,102,112.08791208791207,2066,0.0,269.15,-149.45000000000005,-35.70234113712375,40750,19450,150,269.2,150,271.0,19979.15
20300,20-Jul-2023,NIFTY,OPTIDXNIFTY20-07-2023CE20300.00,116691,-1062,-0.9018878499910832,1130881,10.48,0.05,-0.95,-95.0,0,475200,0,0.0,312500,0.05,19979.15
20300,20-Jul-2023,NIFTY,OPTIDXNIFTY20-07-2023PE20300.00,229,-11,-4.583333333333333,2014,0.0,319.05,-149.84999999999997,-31.957773512476003,47800,15800,50,314.6,50,323.0,19979.15
20350,20-Jul-2023,NIFTY,OPTIDXNIFTY20-07-2023CE20350.00,24182,5486,29.343175010697475,287059,11.92,0.1,-0.75,-88.23529411764706,22300,101100,22300,0.05,14150,0.1,19979.15
20350,20-Jul-2023,NIFTY,OPTIDXNIFTY20-07-2023PE20350.00,113,49,76.5625,231,0.0,369.2,-152.34999999999997,-29.211005656217043,36200,8900,500,368.6,1000,372.05,19979.15
20400,20-Jul-2023,NIFTY,OPTIDXNIFTY20-07-2023CE20400.00,29308,-27605,-48.50385676383252,565189,13.35,0.05,-0.7999999999999999,-94.11764705882352,0,351900,0,0.0,151650,0.05,19979.15
20400,20-Jul-2023,NIFTY,OPTIDXNIFTY20-07-2023PE20400.00,92,-14,-13.20754716981132,354,0.0,419.05,-142.59999999999997,-25.38947743256476,62750,7250,1800,410.4,1800,434.65,19979.15
20450,20-Jul-2023,NIFTY,OPTIDXNIFTY20-07-2023CE20450.00,8890,4333,95.08448540706604,200704,14.75,0.05,-0.75,-93.75,0,113050,0,0.0,7000,0.05,19979.15
20450,20-Jul-2023,NIFTY,OPTIDXNIFTY20-07-2023PE20450.00,6,2,50.0,15,0.0,475.3,-206.99999999999997,-30.338560750403044,48300,6950,1800,460.4,1800,484.65,19979.15
20500,20-Jul-2023,NIFTY,OPTIDXNIFTY20-07-2023CE20500.00,67068,-11502,-14.639175257731958,748136,16.15,0.05,-0.6499999999999999,-92.85714285714285,0,299850,0,0.0,154200,0.05,19979.15
20500,20-Jul-2023,NIFTY,OPTIDXNIFTY20-07-2023PE20500.00,103,1,0.9803921568627452,801,0.0,517.55,-152.60000000000002,-22.771021413116472,246150,8050,100,517.25,500,523.45,19979.15
20550,20-Jul-2023,NIFTY,OPTIDXNIFTY20-07-2023CE20550.00,2610,-3242,-55.39986329460014,108563,18.61,0.05,-0.7,-93.33333333333331,0,65000,0,0.0,950,0.05,19979.15
20550,20-Jul-2023,NIFTY,OPTIDXNIFTY20-07-2023PE20550.00,4,0,0.0,0,0.0,0.0,0.0,0.0,9500,5300,600,554.8,400,598.7,19979.15
20600,20-Jul-2023,NIFTY,OPTIDXNIFTY20-07-2023CE20600.00,10153,-5059,-33.25663949513542,243642,18.9,0.05,-0.5499999999999999,-91.66666666666666,0,134100,0,0.0,71550,0.05,19979.15
20600,20-Jul-2023,NIFTY,OPTIDXNIFTY20-07-2023PE20600.00,26,0,0.0,0,0.0,0.0,0.0,0.0,9900,5900,600,604.85,600,635.3,19979.15
20650,20-Jul-2023,NIFTY,OPTIDXNIFTY20-07-2023CE20650.00,10750,1091,11.29516513096594,93402,20.26,0.05,-0.5,-90.9090909090909,0,98550,0,0.0,48150,0.05,19979.15
20650,20-Jul-2023,NIFTY,OPTIDXNIFTY20-07-2023PE20650.00,5,0,0.0,0,0.0,0.0,0.0,0.0,8700,5100,600,654.8,600,685.75,19979.15
20700,20-Jul-2023,NIFTY,OPTIDXNIFTY20-07-2023CE20700.00,23375,-4755,-16.903661571276217,296791,21.61,0.05,-0.45,-90.0,0,91350,0,0.0,30400,0.05,19979.15
20700,20-Jul-2023,NIFTY,OPTIDXNIFTY20-07-2023PE20700.00,20,0,0.0,0,0.0,0.0,0.0,0.0,8600,5100,600,704.85,600,735.3,19979.15
20750,20-Jul-2023,NIFTY,OPTIDXNIFTY20-07-2023CE20750.00,3885,160,4.295302013422819,86020,22.95,0.05,-0.5,-90.9090909090909,0,73350,0,0.0,9900,0.05,19979.15
20750,20-Jul-2023,NIFTY,OPTIDXNIFTY20-07-2023PE20750.00,3,0,0.0,0,0.0,0.0,0.0,0.0,8550,5100,600,754.8,600,785.8,19979.15
20800,20-Jul-2023,NIFTY,OPTIDXNIFTY20-07-2023CE20800.00,14583,-5802,-28.462104488594555,416744,24.28,0.05,-0.5,-90.9090909090909,0,164700,0,0.0,99700,0.05,19979.15
20800,20-Jul-2023,NIFTY,OPTIDXNIFTY20-07-2023PE20800.00,28,7,33.333333333333336,24,0.0,823.0,-153.45000000000005,-15.715090378411595,9900,7300,1800,803.65,1800,834.65,19979.15
20850,20-Jul-2023,NIFTY,OPTIDXNIFTY20-07-2023CE20850.00,4580,-431,-8.601077629215725,64669,25.6,0.05,-0.4,-88.8888888888889,0,88950,0,0.0,8750,0.05,19979.15
20850,20-Jul-2023,NIFTY,OPTIDXNIFTY20-07-2023PE20850.00,3,0,0.0,0,0.0,0.0,0.0,0.0,8350,5100,600,854.8,600,885.8,19979.15
20900,20-Jul-2023,NIFTY,OPTIDXNIFTY20-07-2023CE20900.00,13245,-1394,-9.522508368057927,203758,26.91,0.05,-0.4,-88.8888888888889,0,118850,0,0.0,55100,0.05,19979.15
20900,20-Jul-2023,NIFTY,OPTIDXNIFTY20-07-2023PE20900.00,18,0,0.0,0,0.0,0.0,0.0,0.0,8700,5100,1800,903.65,600,935.3,19979.15
20950,20-Jul-2023,NIFTY,OPTIDXNIFTY20-07-2023CE20950.00,4412,-2509,-36.25198670712325,69497,28.22,0.05,-0.35,-87.5,0,61250,0,0.0,1250,0.05,19979.15
20950,20-Jul-2023,NIFTY,OPTIDXNIFTY20-07-2023PE20950.00,3,0,0.0,0,0.0,0.0,0.0,0.0,8700,5100,600,954.8,600,985.8,19979.15
21000,20-Jul-2023,NIFTY,OPTIDXNIFTY20-07-2023CE21000.00,42092,-22259,-34.589983061646286,344930,29.51,0.05,-0.3,-85.71428571428572,0,385900,0,0.0,300850,0.05,19979.15
21000,20-Jul-2023,NIFTY,OPTIDXNIFTY20-07-2023PE21000.00,27,2,8.0,6,0.0,1022.65,-158.35000000000002,-13.408128704487725,8150,7300,1800,1003.65,1800,1034.65,19979.15
21050,20-Jul-2023,NIFTY,OPTIDXNIFTY20-07-2023CE21050.00,3668,-1186,-24.43345694272765,39925,30.81,0.05,-0.25,-83.33333333333334,0,90600,0,0.0,23000,0.05,19979.15
21050,20-Jul-2023,NIFTY,OPTIDXNIFTY20-07-2023PE21050.00,0,0,0.0,0,0.0,0.0,0.0,0.0,4550,4500,50,1040.4,1000,1150.8,19979.15
21100,20-Jul-2023,NIFTY,OPTIDXNIFTY20-07-2023CE21100.00,5416,864,18.98066783831283,41391,32.09,0.05,-0.25,-83.33333333333334,0,56450,0,0.0,8300,0.05,19979.15
21100,20-Jul-2023,NIFTY,OPTIDXNIFTY20-07-2023PE21100.00,0,0,0.0,0,0.0,0.0,0.0,0.0,5100,4500,600,1099.85,1000,1194.3,19979.15
21150,20-Jul-2023,NIFTY,OPTIDXNIFTY20-07-2023CE21150.00,3215,2326,261.6422947131609,21258,33.36,0.05,-0.25,-83.33333333333334,0,77700,0,0.0,39150,0.05,19979.15
21150,20-Jul-2023,NIFTY,OPTIDXNIFTY20-07-2023PE21150.00,0,0,0.0,0,0.0,0.0,0.0,0.0,4500,4500,1750,1116.25,1000,1253.85,19979.15
21200,20-Jul-2023,NIFTY,OPTIDXNIFTY20-07-2023CE21200.00,4694,-775,-14.170780764307915,23930,34.63,0.05,-0.25,-83.33333333333334,0,76350,0,0.0,2250,0.05,19979.15
21200,20-Jul-2023,NIFTY,OPTIDXNIFTY20-07-2023PE21200.00,0,0,0.0,0,0.0,0.0,0.0,0.0,5100,4500,600,1199.85,1000,1289.0,19979.15
21250,20-Jul-2023,NIFTY,OPTIDXNIFTY20-07-2023CE21250.00,3405,686,25.22986392055903,12945,35.9,0.05,-0.3,-85.71428571428572,0,25050,0,0.0,600,0.15,19979.15
21250,20-Jul-2023,NIFTY,OPTIDXNIFTY20-07-2023PE21250.00,0,0,0.0,0,0.0,0.0,0.0,0.0,4500,4500,1750,1199.7,1000,1350.25,19979.15
21300,20-Jul-2023,NIFTY,OPTIDXNIFTY20-07-2023CE21300.00,2046,0,0.0,10532,37.15,0.05,-3.35,-98.52941176470588,0,48450,0,0.0,8050,0.05,19979.15
21300,20-Jul-2023,NIFTY,OPTIDXNIFTY20-07-2023PE21300.00,0,0,0.0,0,0.0,0.0,0.0,0.0,5100,4500,600,1299.85,1000,1401.9,19979.15
21350,20-Jul-2023,NIFTY,OPTIDXNIFTY20-07-2023CE21350.00,2039,0,0.0,15104,38.4,0.05,-2.95,-98.33333333333334,0,39050,0,0.0,3950,0.1,19979.15
21350,20-Jul-2023,NIFTY,OPTIDXNIFTY20-07-2023PE21350.00,0,0,0.0,0,0.0,0.0,0.0,0.0,4500,4500,1750,1297.15,1000,1456.85,19979.15
